,Metric,Value
0,Correlation,0.7439509040231393
1,P-Value,0.013620814431711932
