,Metric,Value
0,Correlation,0.9646073504585344
1,P-Value,6.577559097257492e-06
