,Metric,Value
0,Correlation,0.7922739150557732
1,P-Value,0.01090508763150356
