,Metric,Value
0,Correlation,0.5526967747472413
1,P-Value,0.09753278191637704
