,Metric,Value
0,Correlation,0.4503300715781376
1,P-Value,0.19154331752419046
