,Metric,Value
0,Correlation,0.8825570295438546
1,P-Value,0.000720656659246099
