,Metric,Value
0,Correlation,-0.19027090810683595
1,P-Value,0.5985262322399738
