,Metric,Value
0,Correlation,-0.9679085420297707
1,P-Value,4.463876759340257e-06
