,Metric,Value
0,Correlation,-0.674121355114173
1,P-Value,0.03254347724821798
