,Metric,Value
0,Correlation,-0.7456593960555976
1,P-Value,0.013290885519434106
