,Metric,Value
0,Correlation,-0.5574820362109179
1,P-Value,0.09406588544855113
