,Metric,Value
0,Correlation,0.32952347718914704
1,P-Value,0.38651550729969786
