,Metric,Value
0,Correlation,-0.6454475827722231
1,P-Value,0.04384610899821383
