,Metric,Value
0,Correlation,0.4826957742650802
1,P-Value,0.15763713652052108
