,Metric,Value
0,Correlation,-0.5133992225853636
1,P-Value,0.19315245577653906
