,Metric,Value
0,Correlation,0.8172215155571613
1,P-Value,0.007152671421029654
