,Metric,Value
0,Correlation,0.8969721979442093
1,P-Value,0.0010436488244578203
