,Metric,Value
0,Correlation,0.7850742284480934
1,P-Value,0.012193641345246394
