,Metric,Value
0,Correlation,0.8459046531145623
1,P-Value,0.004053944342177277
