,Metric,Value
0,Correlation,-0.94115000776247
1,P-Value,0.0001536511007774071
