,Metric,Value
0,Correlation,0.7125930198423258
1,P-Value,0.020738406698388875
