,Metric,Value
0,Correlation,0.5463891316782514
1,P-Value,0.10222513525085017
