,Metric,Value
0,Correlation,-0.6787035948012334
1,P-Value,0.06422231925729531
