,Metric,Value
0,Correlation,-0.8477682373669639
1,P-Value,0.007843416520644221
