,Metric,Value
0,Correlation,-0.9327503673153944
1,P-Value,8.246162747166429e-05
