,Metric,Value
0,Correlation,-0.5620633022922312
1,P-Value,0.09082135958616945
