,Metric,Value
0,Correlation,-0.9475764956259709
1,P-Value,3.100958763302439e-05
