,Metric,Value
0,Correlation,-0.8296731963927382
1,P-Value,0.002981718400978145
