,Metric,Value
0,Correlation,-0.927206411456176
1,P-Value,0.00011243450470470407
