,Metric,Value
0,Correlation,0.9337034301692938
1,P-Value,7.797683256163979e-05
