,Metric,Value
0,Correlation,0.43525475945486364
1,P-Value,0.20867800678603377
