,Metric,Value
0,Correlation,0.8750979115151523
1,P-Value,0.0009133391093545716
