,Metric,Value
0,Correlation,0.9720499650484922
1,P-Value,2.5814643467059162e-06
