,Metric,Value
0,Correlation,0.537991560420772
1,P-Value,0.10869027260587237
