,Metric,Value
0,Correlation,0.6890083958718265
1,P-Value,0.027542312098580296
