,Metric,Value
0,Correlation,0.8131698622861292
1,P-Value,0.0042259502371394106
