,Metric,Value
0,Correlation,0.8820359074502241
1,P-Value,0.0007330538089987936
