,Metric,Value
0,Correlation,0.20119571007617115
1,P-Value,0.6037030951857179
