,Metric,Value
0,Correlation,-0.90462422318991
1,P-Value,0.000802780456369592
