,Metric,Value
0,Correlation,0.32192606435782983
1,P-Value,0.3643426739794106
