,Metric,Value
0,Correlation,-0.8861297731251996
1,P-Value,0.0006397421841069827
