,Metric,Value
0,Correlation,0.7293646488786455
1,P-Value,0.016674225465020124
