,Metric,Value
0,Correlation,0.6986655139658048
1,P-Value,0.024595708649962852
