,Metric,Value
0,Correlation,0.676241390486628
1,P-Value,0.0317963379800436
