,Metric,Value
0,Correlation,0.795825034748418
1,P-Value,0.005894082731923012
