,Metric,Value
0,Correlation,0.8164538037544363
1,P-Value,0.003953239636229926
