,Metric,Value
0,Correlation,0.9046708677661097
1,P-Value,0.0003215977977910139
