,Metric,Value
0,Correlation,-0.28125659937556796
1,P-Value,0.43115411807240767
