,Metric,Value
0,Correlation,0.9563649830298038
1,P-Value,1.5045079026506116e-05
