,Metric,Value
0,Correlation,0.5667981903599516
1,P-Value,0.14292869650641343
