,Metric,Value
0,Correlation,0.8707393363908442
1,P-Value,0.002247971157566909
