,Metric,Value
0,Correlation,0.5480344820059684
1,P-Value,0.10098764628473987
