,Metric,Value
0,Correlation,-0.5624056155485435
1,P-Value,0.09058184324270416
