,Metric,Value
0,Correlation,-0.9286417009383348
1,P-Value,0.0002979007748808784
