,Metric,Value
0,Correlation,-0.9507808538495995
1,P-Value,0.00028719109766322864
