,Metric,Value
0,Correlation,0.9734298778842748
1,P-Value,2.1117247495647536e-06
