,Metric,Value
0,Correlation,-0.6343693731830635
1,P-Value,0.06650155983711013
