,Metric,Value
0,Correlation,-0.8507737619451701
1,P-Value,0.0018046417154736413
