,Metric,Value
0,Correlation,-0.9737436367808763
1,P-Value,2.0144964590494556e-06
