,Metric,Value
0,Correlation,-0.5925510108711535
1,P-Value,0.12164076344059459
