,Metric,Value
0,Correlation,-0.6867188988000901
1,P-Value,0.028274691442918366
