,Metric,Value
0,Correlation,-0.4381439767468396
1,P-Value,0.20532799279879763
