,Metric,Value
0,Correlation,-0.6961861927040496
1,P-Value,0.025330480278721035
