,Metric,Value
0,Correlation,0.8639415144723956
1,P-Value,0.002671070154891101
