,Metric,Value
0,Correlation,-0.575041875995103
1,P-Value,0.10526676619610302
