,Metric,Value
0,Correlation,-0.6417375478109503
1,P-Value,0.045477482851319355
