,Metric,Value
0,Correlation,-0.8509540108756471
1,P-Value,0.0017963490759227846
