,Metric,Value
0,Correlation,-0.9373972550771507
1,P-Value,0.0005849283703637394
