,Metric,Value
0,Correlation,-0.15654421578191138
1,P-Value,0.665828734206084
