,Metric,Value
0,Correlation,0.9395430231707154
1,P-Value,5.431284840406497e-05
