,Metric,Value
0,Correlation,0.8701997388787156
1,P-Value,0.0022797331208964486
