,Metric,Value
0,Correlation,0.8152841842887446
1,P-Value,0.004048877542407157
