,Metric,Value
0,Correlation,0.9544565989177658
1,P-Value,1.7813311261301026e-05
