,Metric,Value
0,Correlation,0.9500228008178474
1,P-Value,2.569086257928022e-05
