,Metric,Value
0,Correlation,0.9840296667054518
1,P-Value,2.791814318804118e-07
