,Metric,Value
0,Correlation,0.9693055774495056
1,P-Value,3.7422156337862124e-06
