,Metric,Value
0,Correlation,0.9745979480119173
1,P-Value,1.7666597042544249e-06
