,Metric,Value
0,Correlation,-0.8787672894118869
1,P-Value,0.0018108228947058475
