,Metric,Value
0,Correlation,-0.6411642200297965
1,P-Value,0.06274908306914308
