,Metric,Value
0,Correlation,0.8686983288550657
1,P-Value,0.0023697389509283397
