,Metric,Value
0,Correlation,0.9028187287073892
1,P-Value,0.0008556832067178933
