,Metric,Value
0,Correlation,0.5052264579398881
1,P-Value,0.16532914465301132
