,Metric,Value
0,Correlation,0.8494752160321353
1,P-Value,0.00374831972431009
