,Metric,Value
0,Correlation,0.9365911475444136
1,P-Value,0.0001986003187126424
