,Metric,Value
0,Correlation,0.8420494981738028
1,P-Value,0.004402652258616093
