,Metric,Value
0,Correlation,0.8960587140480956
1,P-Value,0.0010754040374638886
