,Metric,Value
0,Correlation,0.9468258119268518
1,P-Value,0.00010834822231496337
