,Metric,Value
0,Correlation,0.8297257609648107
1,P-Value,0.005654388014955742
