,Metric,Value
0,Correlation,-0.8933527857183128
1,P-Value,0.0004966888061932667
