,Metric,Value
0,Correlation,0.8802379105648039
1,P-Value,0.0007770241164668726
