,Metric,Value
0,Correlation,0.8845372100174251
1,P-Value,0.0035227215718941175
