,Metric,Value
0,Correlation,0.1918522536782521
1,P-Value,0.6209521878073051
