,Metric,Value
0,Correlation,0.9772805167975053
1,P-Value,1.1341799216445925e-06
