,Metric,Value
0,Correlation,-0.8951435559733081
1,P-Value,0.0004651976763457722
