,Metric,Value
0,Correlation,-0.49605832660842963
1,P-Value,0.14477956165452782
