,Metric,Value
0,Correlation,0.76150708421421
1,P-Value,0.017118490578311888
