,Metric,Value
0,Correlation,0.9241476744093978
1,P-Value,0.000367247006512198
