,Metric,Value
0,Correlation,0.6947473428532562
1,P-Value,0.025763728366853027
