,Metric,Value
0,Correlation,0.9936126234834455
1,P-Value,7.2266233518101655e-09
