,Metric,Value
0,Correlation,0.8793607993671169
1,P-Value,0.001781058164003645
