,Metric,Value
0,Correlation,-0.8822748882512796
1,P-Value,0.000727349448617289
