,Metric,Value
0,Correlation,0.7480836229067691
1,P-Value,0.012832392074863955
